p,Db,Db_r2,lam4,lam8,lam16,lam32,lam64,zone,rep,row,col
0.1136,1.47333,0.99848,7.23654,6.00146,4.33645,2.58463,1.50451,west,streets,0,0
0.10067,1.3052,0.99981,6.31518,4.13724,2.50184,1.55133,1.19323,west,streets,0,1
0.07952,1.4308,0.99971,9.42649,7.48926,5.40948,3.55804,2.27041,west,streets,0,2
0.14626,1.48689,0.99911,5.43658,4.48697,3.17778,2.1575,1.59248,west,streets,1,0
0.07093,1.21748,0.99979,6.99767,4.09013,2.41545,1.55347,1.17893,west,streets,1,1
0.12606,1.37462,0.99969,5.5641,4.26759,3.00908,1.93308,1.34191,west,streets,1,2
0.1355,1.43199,0.9987,5.87894,4.80299,3.38714,2.16566,1.70483,west,streets,2,0
0.13646,1.42344,0.99964,5.40496,4.36083,3.31275,2.15115,1.41252,west,streets,2,1
0.1951,1.49675,0.99967,4.08878,3.36315,2.54586,1.77738,1.32346,west,streets,2,2
0.0543,1.41972,0.99929,15.79222,14.75444,12.36778,9.03063,7.54912,west,streets,3,0
0.09739,1.37251,0.99923,7.11306,4.82313,2.96938,1.94306,1.29604,west,streets,3,1
0.14416,1.44684,0.99822,5.55445,4.43023,3.39988,2.5659,1.75927,west,streets,3,2
0.12035,1.36021,0.99979,6.34139,5.16922,3.81754,2.41848,1.5138,west,streets,4,0
0.11651,1.34756,0.99844,6.50303,4.99142,3.4572,2.21351,1.35362,west,streets,4,1
0.1437,1.42943,0.9985,5.6288,4.5554,3.44692,2.27655,1.55287,west,streets,4,2
0.05886,1.19874,0.99974,8.16908,4.59036,2.53591,1.5221,1.15631,west,streets,5,0
0.22589,1.54518,0.99931,3.49744,2.89821,2.26138,1.77667,1.43702,west,streets,5,1
0.16926,1.46923,0.99993,4.34727,3.52761,2.79645,1.98453,1.34787,west,streets,5,2
0.11034,1.38961,0.99877,6.77117,5.22875,3.61921,2.23765,1.4758,west,streets,6,0
0.17768,1.50085,0.99959,4.365,3.51446,2.58513,1.77429,1.35466,west,streets,6,1
0.12048,1.35632,0.99973,5.40443,3.74669,2.36767,1.57663,1.21139,west,streets,6,2
0.11805,1.44145,0.99847,6.29989,4.89617,3.34562,2.10438,1.55397,west,streets,7,0
0.22006,1.57508,0.99962,3.64457,3.10698,2.49635,1.71642,1.18468,west,streets,7,1
0.08558,1.32257,0.99991,7.94948,5.58672,3.59233,2.24383,1.49941,west,streets,7,2
0.20034,1.59406,0.99865,3.88935,3.31219,2.58495,1.85923,1.3178,west,streets,8,0
0.30984,1.7082,0.99989,2.62225,2.37574,2.09867,1.72001,1.2806,west,streets,8,1
0.16466,1.53747,0.9999,4.48845,3.68213,2.92025,2.1828,1.50274,west,streets,8,2
0.09728,1.28805,0.99845,6.53505,4.50877,2.67592,1.56993,1.22666,west,streets,9,0
0.24142,1.62377,0.99986,3.27915,2.9243,2.50277,1.96686,1.3513,west,streets,9,1
0.12955,1.41081,0.99941,5.37352,3.94661,2.63955,1.65489,1.24844,west,streets,9,2
0.16576,1.44523,0.99881,4.66619,3.90802,3.12116,2.21102,1.76698,west,streets,10,0
0.2659,1.64354,0.99904,3.2716,2.88196,2.48161,2.15104,1.7625,west,streets,10,1
0.24427,1.56996,0.99874,3.47104,2.99493,2.54412,2.05359,1.46943,west,streets,10,2
0.08224,1.27754,0.99721,6.06127,3.67001,2.15086,1.45147,1.16521,west,streets,11,0
0.15762,1.53192,0.99833,5.28418,4.47207,3.61153,2.76221,1.96683,west,streets,11,1
0.1481,1.3988,0.9992,4.76295,3.65077,2.61789,1.76561,1.36924,west,streets,11,2
0.10483,1.40161,0.99872,7.287,6.02367,4.72855,3.47772,2.08962,west,streets,12,0
0.26238,1.65243,0.99866,3.38328,3.05807,2.62693,2.13262,1.49884,west,streets,12,1
0.2165,1.5705,0.99922,3.91855,3.4291,2.87186,2.15694,1.56537,west,streets,12,2
0.12798,1.3685,0.99895,5.3484,4.04197,2.88055,1.94491,1.4704,west,streets,13,0
0.24837,1.65498,0.99874,3.61666,3.2029,2.63366,2.15065,1.45801,west,streets,13,1
0.16939,1.47216,0.99731,4.86348,3.96905,2.89381,1.98532,1.42668,west,streets,13,2
0.10909,1.38597,0.99868,6.3068,4.19275,2.56042,1.6003,1.17769,west,streets,14,0
0.22725,1.55406,0.99884,3.67028,3.1162,2.62456,2.15102,1.52316,west,streets,14,1
0.14653,1.42983,0.99951,4.99691,3.42903,2.15651,1.41456,1.09339,west,streets,14,2
0.10568,1.3048,0.99889,6.29739,3.93001,2.27013,1.44038,1.1385,west,streets,15,0
0.22016,1.5756,0.99979,3.62002,3.18441,2.83803,2.39516,1.68396,west,streets,15,1
0.02555,1.13355,0.99918,17.33549,9.59999,5.20839,2.83069,1.65105,west,streets,15,2
0.26466,1.5553,0.99836,2.97484,2.38509,1.68804,1.24159,1.0608,west,footprints,0,0
0.29186,1.64482,0.99526,2.36425,1.8234,1.41305,1.17163,1.05839,west,footprints,0,1
0.13896,1.49802,0.99707,4.54523,3.28097,2.52519,2.1565,1.84177,west,footprints,0,2
0.28469,1.64005,0.99794,2.46101,1.94984,1.53335,1.21313,1.0657,west,footprints,1,0
0.31954,1.71111,0.99466,1.92008,1.45486,1.18816,1.07019,1.02553,west,footprints,1,1
0.30243,1.68957,0.99619,2.02029,1.54245,1.27012,1.11101,1.03574,west,footprints,1,2
0.21587,1.59138,0.99616,2.97526,2.19019,1.64854,1.312,1.09034,west,footprints,2,0
0.31579,1.67628,0.99639,2.20615,1.73613,1.37895,1.17389,1.06949,west,footprints,2,1
0.25552,1.58167,0.99697,2.72533,2.09396,1.57099,1.24541,1.04378,west,footprints,2,2
0.26019,1.65775,0.99574,2.21456,1.59766,1.25925,1.08924,1.02533,west,footprints,3,0
0.43435,1.75253,0.99844,1.83648,1.55113,1.27807,1.11142,1.03338,west,footprints,3,1
0.27744,1.58615,0.99786,2.80712,2.17708,1.5316,1.16293,1.04162,west,footprints,3,2
0.26029,1.63034,0.99787,2.47903,1.90634,1.46545,1.19308,1.0669,west,footprints,4,0
0.4332,1.76546,0.99846,1.72152,1.43365,1.2203,1.09825,1.04029,west,footprints,4,1
0.37981,1.68591,0.99812,2.12048,1.72217,1.36149,1.15675,1.07126,west,footprints,4,2
0.28933,1.65165,0.99662,2.33904,1.75159,1.3344,1.13461,1.04677,west,footprints,5,0
0.3208,1.66549,0.99762,2.15729,1.63373,1.28592,1.1325,1.0565,west,footprints,5,1
0.25194,1.53512,0.9979,3.03155,2.36138,1.66806,1.19851,1.04957,west,footprints,5,2
0.3129,1.61832,0.99809,2.46896,1.95793,1.41115,1.1199,1.02198,west,footprints,6,0
0.29517,1.62642,0.99676,2.47744,1.86815,1.36584,1.1363,1.03523,west,footprints,6,1
0.30253,1.60979,0.9982,2.62072,2.09527,1.56414,1.24067,1.07578,west,footprints,6,2
0.38563,1.66352,0.99881,2.19877,1.87798,1.50758,1.23023,1.07843,west,footprints,7,0
0.35475,1.67494,0.99823,2.26799,1.88324,1.48705,1.21834,1.07838,west,footprints,7,1
0.1768,1.56061,0.99902,4.23074,3.31394,2.46133,1.94106,1.56879,west,footprints,7,2
0.30646,1.62991,0.99958,2.77416,2.4164,1.98841,1.5808,1.2582,west,footprints,8,0
0.23368,1.56924,0.99993,3.66382,3.22103,2.68743,2.05615,1.43503,west,footprints,8,1
0.24053,1.66691,0.99914,3.15247,2.61866,2.1003,1.7644,1.52686,west,footprints,8,2
0.28378,1.61938,0.99596,2.44174,1.85506,1.38505,1.12453,1.02902,west,footprints,9,0
0.28888,1.59091,0.99943,2.85824,2.41526,1.89006,1.43447,1.12672,west,footprints,9,1
0.30778,1.62451,0.99681,2.42896,1.91377,1.42888,1.15849,1.04269,west,footprints,9,2
0.24502,1.60449,0.99712,2.67206,2.01119,1.51211,1.27928,1.08668,west,footprints,10,0
0.2385,1.52953,0.9999,3.40765,2.88535,2.34004,1.8229,1.31583,west,footprints,10,1
0.22634,1.52282,0.99795,3.37552,2.59146,1.83536,1.30218,1.06048,west,footprints,10,2
0.26232,1.63764,0.99524,2.29059,1.69068,1.30516,1.10494,1.04731,west,footprints,11,0
0.24834,1.53936,0.99905,3.177,2.5895,1.86326,1.28066,1.05266,west,footprints,11,1
0.31806,1.7105,0.99592,1.91261,1.48019,1.21214,1.06135,1.01702,west,footprints,11,2
0.24746,1.60259,0.99698,2.89123,2.26147,1.67951,1.32672,1.14356,west,footprints,12,0
0.21234,1.50292,0.9988,3.53876,2.87555,2.19207,1.56931,1.17669,west,footprints,12,1
0.1955,1.55416,0.99802,3.50676,2.7619,2.18639,1.72894,1.27741,west,footprints,12,2
0.26096,1.6066,0.99606,2.58499,1.94131,1.43422,1.19666,1.0719,west,footprints,13,0
0.18928,1.47597,0.99988,3.95098,3.06184,2.10097,1.41162,1.11037,west,footprints,13,1
0.21642,1.49958,0.99912,3.69594,2.96191,2.12528,1.54357,1.21471,west,footprints,13,2
0.3247,1.61978,0.99776,2.47567,1.93293,1.36176,1.14326,1.04416,west,footprints,14,0
0.29778,1.60788,0.99778,2.58796,2.03708,1.53169,1.20845,1.03406,west,footprints,14,1
0.30254,1.61839,0.99755,2.49103,1.91951,1.36217,1.11241,1.04521,west,footprints,14,2
0.30077,1.60246,0.9973,2.58786,2.02536,1.44152,1.10943,1.03566,west,footprints,15,0
0.19086,1.48237,0.99913,3.88979,2.89185,1.97821,1.52835,1.17259,west,footprints,15,1
0.06485,1.27878,0.99646,12.31914,9.90114,6.95356,4.14458,2.70716,west,footprints,15,2
0.06464,1.25418,0.99905,9.81957,6.74219,4.0268,2.16324,1.30087,center,streets,0,0
0.09642,1.29495,0.99905,6.05742,4.09365,2.61887,1.64685,1.1879,center,streets,0,1
0.0613,1.19731,0.99934,7.21443,4.03832,2.31961,1.37453,1.14253,center,streets,0,2
0.08214,1.29226,0.99813,6.62604,3.96169,2.24537,1.45501,1.18315,center,streets,1,0
0.14848,1.4044,0.99942,4.49,3.14142,2.00914,1.38487,1.09904,center,streets,1,1
0.08637,1.30195,0.99901,7.02086,4.84653,2.79632,1.64811,1.23323,center,streets,1,2
0.11746,1.42356,0.99949,6.14919,4.77662,3.41953,2.195,1.37807,center,streets,2,0
0.13534,1.42349,0.99887,5.67171,4.54189,3.28706,2.11581,1.3717,center,streets,2,1
0.13952,1.39452,0.99965,5.03111,3.86193,2.92363,1.99526,1.48182,center,streets,2,2
0.02458,1.2772,0.99866,18.54987,10.91166,7.41903,5.79632,4.87946,center,streets,3,0
0.09042,1.34574,0.99972,7.04274,4.97883,3.11688,1.85335,1.22243,center,streets,3,1
0.09872,1.28951,0.99876,5.20973,3.26088,1.99382,1.31566,1.09024,center,streets,3,2
0.06941,1.2778,0.99947,7.61973,4.98937,3.17306,1.93329,1.35759,center,streets,4,0
0.16486,1.45629,0.99896,4.07726,3.12532,2.34741,1.63877,1.1944,center,streets,4,1
0.17555,1.43495,0.99921,4.32968,3.39322,2.50595,1.76711,1.30143,center,streets,4,2
0.06998,1.41042,0.9991,10.57907,8.14732,5.65105,3.62629,2.40921,center,streets,5,0
0.1109,1.34203,0.99836,4.27489,2.76816,1.90659,1.42782,1.24336,center,streets,5,1
0.08267,1.27475,0.99953,7.08418,4.57504,2.76697,1.8003,1.3544,center,streets,5,2
0.05685,1.32176,0.99879,12.09146,7.98743,4.64454,2.77526,2.12067,center,streets,6,0
0.11378,1.35195,0.99612,4.11568,2.60362,1.73541,1.28129,1.1392,center,streets,6,1
0.11491,1.35761,0.9988,5.26276,3.64715,2.4101,1.61609,1.19162,center,streets,6,2
0.07926,1.32769,0.99905,7.60266,4.91225,2.97836,2.02339,1.55107,center,streets,7,0
0.10115,1.33102,0.99831,4.7107,2.88188,1.94282,1.49793,1.25995,center,streets,7,1
0.14326,1.45342,0.99991,3.94752,2.94174,2.14273,1.57118,1.19465,center,streets,7,2
0.13802,1.49256,0.99987,5.00519,3.87028,2.80236,2.06026,1.50028,center,streets,8,0
0.21616,1.5805,0.99893,3.12163,2.54903,2.16473,1.82321,1.36156,center,streets,8,1
0.18922,1.52052,0.99947,3.66297,2.92078,2.38549,1.90079,1.46692,center,streets,8,2
0.15869,1.47033,0.99988,4.70982,3.64125,2.51138,1.68861,1.20522,center,streets,9,0
0.17054,1.51909,0.99897,3.78846,2.87797,2.09913,1.59794,1.20853,center,streets,9,1
0.14168,1.48096,0.99982,4.8291,3.87689,3.11786,2.35654,1.74625,center,streets,9,2
0.13933,1.38872,0.99949,5.03625,4.02227,3.07522,1.94712,1.41086,center,streets,10,0
0.20946,1.48961,0.99899,3.60092,2.96649,2.37699,1.64412,1.24928,center,streets,10,1
0.15261,1.42475,0.99945,4.73536,3.71958,2.69305,1.76155,1.3262,center,streets,10,2
0.08082,1.2772,0.99696,5.73157,3.34039,1.9577,1.39806,1.16247,center,streets,11,0
0.13354,1.35678,0.99769,4.71089,3.2429,2.02482,1.39591,1.14172,center,streets,11,1
0.19208,1.4671,0.99881,3.82519,2.97225,2.25097,1.64353,1.20668,center,streets,11,2
0.16792,1.45974,0.99982,4.29905,3.4008,2.65192,1.93582,1.33601,center,streets,12,0
0.22523,1.52203,0.99948,3.52439,3.00558,2.52964,2.06428,1.5133,center,streets,12,1
0.16162,1.43589,0.99932,4.2688,3.33785,2.33854,1.57286,1.19741,center,streets,12,2
0.12845,1.35697,0.99943,5.27653,3.51568,2.1293,1.40148,1.11266,center,streets,13,0
0.15331,1.46062,0.99955,4.87145,3.49385,2.24713,1.53294,1.17261,center,streets,13,1
0.13904,1.51126,0.99988,5.68754,4.65766,3.72504,2.9423,2.07616,center,streets,13,2
0.12702,1.38583,0.99793,5.86736,4.49727,3.15092,2.09874,1.37044,center,streets,14,0
0.13101,1.47282,0.99936,5.83221,4.39606,3.00678,2.08054,1.43881,center,streets,14,1
0.14274,1.5389,0.99987,5.20543,4.34244,3.39389,2.52529,1.76198,center,streets,14,2
0.10683,1.39601,0.9985,6.88216,5.54074,4.27886,2.96001,2.00823,center,streets,15,0
0.10989,1.56312,0.99832,7.72698,6.88935,6.01265,5.04775,4.21982,center,streets,15,1
0.1351,1.46183,0.9992,5.75847,4.79251,3.69761,2.67807,1.87703,center,streets,15,2
0.23906,1.62327,0.99655,2.76585,2.13516,1.61977,1.26593,1.09092,center,footprints,0,0
0.30355,1.70108,0.99663,1.93399,1.5095,1.26948,1.12465,1.03999,center,footprints,0,1
0.31013,1.68504,0.99513,2.0818,1.62452,1.33591,1.15427,1.05522,center,footprints,0,2
0.2071,1.59153,0.99722,2.86355,2.12922,1.68915,1.41848,1.24097,center,footprints,1,0
0.20382,1.57698,0.99746,3.15026,2.39195,1.85356,1.44933,1.13562,center,footprints,1,1
0.31294,1.7133,0.99445,1.84046,1.40104,1.16084,1.05216,1.01642,center,footprints,1,2
0.18176,1.51723,0.9974,3.73531,2.74088,1.94704,1.42638,1.14823,center,footprints,2,0
0.19811,1.57247,0.99696,3.13363,2.3237,1.77808,1.37852,1.11665,center,footprints,2,1
0.24757,1.61306,0.99644,2.55513,1.92803,1.49453,1.20366,1.06485,center,footprints,2,2
0.02304,1.15377,0.99697,31.09933,22.92738,15.64903,9.46114,6.99721,center,footprints,3,0
0.23539,1.57531,0.99717,2.87017,2.1099,1.52508,1.20655,1.07063,center,footprints,3,1
0.2911,1.68675,0.99401,2.04718,1.53893,1.25982,1.08054,1.02067,center,footprints,3,2
0.08738,1.39461,0.99895,7.26384,5.20592,3.72138,2.54196,1.57204,center,footprints,4,0
0.12126,1.44506,0.99996,5.59159,4.15218,2.99848,2.36703,2.13948,center,footprints,4,1
0.22038,1.59252,0.99561,2.98451,2.22779,1.70071,1.38528,1.17013,center,footprints,4,2
0.12949,1.5048,0.99944,5.48917,4.18047,3.0481,2.16186,1.81283,center,footprints,5,0
0.3645,1.71121,0.99851,2.01707,1.63226,1.31893,1.1179,1.05485,center,footprints,5,1
0.33645,1.68195,0.99881,2.13716,1.72921,1.43989,1.25343,1.13115,center,footprints,5,2
0.14685,1.55437,0.99964,5.0528,3.78434,2.7081,2.16281,1.83481,center,footprints,6,0
0.3308,1.63897,0.99982,2.49357,2.1291,1.78795,1.50064,1.2677,center,footprints,6,1
0.25242,1.5836,0.99894,2.82742,2.21126,1.74684,1.3578,1.09335,center,footprints,6,2
0.26178,1.64264,0.99989,3.09888,2.5623,2.03615,1.62063,1.30472,center,footprints,7,0
0.18656,1.51498,0.99994,4.15905,3.476,2.75748,1.91685,1.28568,center,footprints,7,1
0.23267,1.56298,0.99945,3.0427,2.49292,2.00995,1.641,1.32717,center,footprints,7,2
0.16654,1.5372,0.99985,4.80513,4.07792,3.2887,2.48535,1.76163,center,footprints,8,0
0.17574,1.63767,0.99992,4.99936,4.57482,4.15505,3.60556,3.05368,center,footprints,8,1
0.23672,1.6144,0.99978,3.71556,3.40185,3.08522,2.75251,2.37611,center,footprints,8,2
0.24576,1.59247,0.99983,3.07959,2.53357,2.07089,1.69838,1.31161,center,footprints,9,0
0.25538,1.61445,0.99932,3.5078,3.15681,2.66406,2.1491,1.68412,center,footprints,9,1
0.29611,1.65874,0.99974,2.88012,2.50349,2.12846,1.78758,1.42142,center,footprints,9,2
0.29757,1.70769,0.99585,1.99071,1.48293,1.21394,1.08437,1.03553,center,footprints,10,0
0.30854,1.69599,0.99826,2.30313,1.84895,1.49722,1.26714,1.12767,center,footprints,10,1
0.2797,1.60735,0.99821,2.66926,2.17209,1.75256,1.41851,1.19475,center,footprints,10,2
0.30851,1.72226,0.99425,1.82212,1.36088,1.146,1.0623,1.02482,center,footprints,11,0
0.33088,1.69637,0.99597,1.98708,1.51356,1.23602,1.10655,1.04755,center,footprints,11,1
0.32893,1.6686,0.99856,2.35249,1.97022,1.62168,1.35147,1.15898,center,footprints,11,2
0.24768,1.60864,0.99551,2.58836,1.92569,1.46596,1.20517,1.08111,center,footprints,12,0
0.24819,1.63194,0.99693,2.39175,1.76265,1.40598,1.21518,1.09343,center,footprints,12,1
0.30066,1.65134,0.99783,2.46978,2.01937,1.60424,1.28274,1.08511,center,footprints,12,2
0.29474,1.59993,0.99627,2.55351,1.94717,1.39283,1.12021,1.01916,center,footprints,13,0
0.33016,1.63267,0.99908,2.45826,2.03719,1.54634,1.18897,1.05015,center,footprints,13,1
0.08475,1.42509,0.99697,8.30414,6.38224,4.7186,3.40477,2.10851,center,footprints,13,2
0.26621,1.54256,0.99826,2.97917,2.34029,1.63058,1.23684,1.04814,center,footprints,14,0
0.28058,1.58806,0.99825,2.82736,2.24848,1.67345,1.2858,1.07055,center,footprints,14,1
0.14186,1.54889,0.99772,5.11046,3.74898,2.66815,2.06696,1.61914,center,footprints,14,2
0.21477,1.51501,0.99773,3.58779,2.71455,1.82117,1.34651,1.09109,center,footprints,15,0
0.23235,1.56943,0.99963,3.38922,2.71145,2.06459,1.5879,1.25842,center,footprints,15,1
0.18078,1.5376,0.99723,4.02416,2.90779,2.17874,1.79058,1.5459,center,footprints,15,2
0.0861,1.36286,0.99811,8.66653,7.02186,5.08468,3.01995,1.71364,east,streets,0,0
0.0671,1.26873,0.99957,9.08532,5.41025,3.0606,1.72126,1.25561,east,streets,0,1
0.10882,1.33822,0.99953,6.027,4.10921,2.3387,1.38822,1.11198,east,streets,0,2
0.1143,1.42701,0.99698,7.38798,6.43679,5.00276,3.1406,1.92129,east,streets,1,0
0.1175,1.39334,0.99719,6.81328,5.64398,3.90348,2.22753,1.44172,east,streets,1,1
0.14253,1.41095,0.99929,4.86953,3.83204,2.39359,1.40555,1.09664,east,streets,1,2
0.1523,1.48964,0.99709,5.46617,4.69718,3.70538,2.43515,1.58061,east,streets,2,0
0.11182,1.3529,0.99697,6.62642,5.44031,4.15849,2.75274,1.76153,east,streets,2,1
0.1757,1.43128,0.9988,4.43547,3.86641,3.2017,2.32568,1.60383,east,streets,2,2
0.13621,1.43487,0.99868,5.66217,4.26511,2.79588,1.71416,1.17599,east,streets,3,0
0.0709,1.23555,0.99839,8.01515,4.79175,2.69748,1.60909,1.23013,east,streets,3,1
0.09472,1.3175,0.99825,6.63187,4.79217,3.10383,1.97436,1.36223,east,streets,3,2
0.18242,1.50127,0.99953,4.39734,3.64032,2.85425,2.00213,1.4842,east,streets,4,0
0.1752,1.47599,0.99937,4.48122,3.80149,3.13141,2.24981,1.41539,east,streets,4,1
0.19573,1.47436,0.99841,4.20656,3.60376,2.93881,2.22641,1.61919,east,streets,4,2
0.14971,1.45158,0.99972,5.06303,3.75656,2.34221,1.5246,1.17531,east,streets,5,0
0.08517,1.31112,0.99965,7.52036,5.00445,3.0926,1.8766,1.31677,east,streets,5,1
0.09674,1.29406,0.99649,6.82873,5.1936,3.55098,2.22753,1.54706,east,streets,5,2
0.13134,1.42522,0.99922,5.82177,4.28844,2.69828,1.72104,1.15869,east,streets,6,0
0.14091,1.39943,0.99654,5.25857,3.75506,2.43941,1.51288,1.1624,east,streets,6,1
0.19488,1.46095,0.99831,4.24024,3.51208,2.67536,1.85373,1.32068,east,streets,6,2
0.12464,1.41124,0.99908,5.57441,3.78894,2.35532,1.57431,1.10639,east,streets,7,0
0.12422,1.36553,0.99917,5.39267,3.84556,2.61568,1.69406,1.22644,east,streets,7,1
0.1657,1.4731,0.99947,4.54003,3.58556,2.65357,1.87336,1.34598,east,streets,7,2
0.14768,1.51893,0.99914,5.43644,4.63453,3.77757,2.72463,1.71736,east,streets,8,0
0.18552,1.54147,0.99982,4.2293,3.5169,2.9034,2.3108,1.73991,east,streets,8,1
0.23525,1.64415,0.99989,3.52206,3.09777,2.63728,1.99499,1.48075,east,streets,8,2
0.14826,1.49255,0.99768,5.24521,4.30058,3.44427,2.64288,1.64292,east,streets,9,0
0.16149,1.52233,0.99775,5.02138,4.15717,3.26754,2.51384,1.74385,east,streets,9,1
0.22941,1.567,0.99961,3.67643,3.22317,2.64709,1.9522,1.3569,east,streets,9,2
0.13368,1.38696,0.9995,5.14249,3.52642,2.19748,1.42857,1.10438,east,streets,10,0
0.19509,1.52148,0.99892,4.1852,3.3901,2.53191,1.79402,1.4224,east,streets,10,1
0.23362,1.54697,0.99847,3.72223,3.22284,2.58034,1.91673,1.27634,east,streets,10,2
0.20168,1.53296,0.99952,3.85089,3.14975,2.45479,1.84116,1.32695,east,streets,11,0
0.25077,1.56355,0.99964,3.24747,2.71902,2.18535,1.62346,1.25365,east,streets,11,1
0.23048,1.5869,0.99956,3.63431,3.15753,2.65489,2.07196,1.49176,east,streets,11,2
0.15621,1.41987,0.9995,4.46875,3.13201,2.09476,1.41109,1.07322,east,streets,12,0
0.15659,1.46068,0.99902,4.23549,3.2408,2.40281,1.67318,1.18342,east,streets,12,1
0.1981,1.55393,0.99954,4.15136,3.62839,3.0659,2.45041,1.75547,east,streets,12,2
0.0871,1.32366,0.99786,5.29571,3.19659,2.11612,1.62504,1.27621,east,streets,13,0
0.09253,1.3299,0.99781,4.92996,2.99547,2.04935,1.53401,1.27842,east,streets,13,1
0.22206,1.54179,0.99986,3.52272,3.04384,2.54153,1.9575,1.37213,east,streets,13,2
0.11675,1.37756,0.99846,3.96536,2.63116,1.85014,1.42344,1.23255,east,streets,14,0
0.07318,1.24722,0.99871,6.31896,3.79695,2.25788,1.4544,1.12922,east,streets,14,1
0.16342,1.47209,0.99872,5.06457,4.32499,3.54501,2.59088,1.73161,east,streets,14,2
0.0396,1.15639,0.99959,10.95079,5.87992,3.10631,1.79991,1.28896,east,streets,15,0
0.04733,1.20842,0.99943,9.38966,5.24414,2.97482,1.75799,1.22635,east,streets,15,1
0.12819,1.47763,0.99778,6.63867,5.87859,4.91055,3.46649,2.01446,east,streets,15,2
0.30648,1.67425,0.99705,2.09428,1.63197,1.30213,1.10319,1.02475,east,footprints,0,0
0.30142,1.66433,0.9964,2.20435,1.69025,1.30871,1.12076,1.04024,east,footprints,0,1
0.30603,1.69059,0.99549,1.99781,1.51269,1.2266,1.08074,1.01631,east,footprints,0,2
0.27726,1.65459,0.99819,2.31443,1.75016,1.36038,1.15173,1.05263,east,footprints,1,0
0.28179,1.63977,0.99682,2.32795,1.74564,1.28628,1.09977,1.03679,east,footprints,1,1
0.2995,1.67065,0.99507,2.08609,1.5778,1.2741,1.12619,1.05219,east,footprints,1,2
0.24808,1.59584,0.99817,2.8014,2.1363,1.6278,1.32547,1.14208,east,footprints,2,0
0.28365,1.63298,0.99469,2.3666,1.75993,1.32211,1.12821,1.0432,east,footprints,2,1
0.23861,1.59439,0.99481,2.55813,1.91185,1.47204,1.18627,1.04998,east,footprints,2,2
0.21744,1.55925,0.99789,3.36116,2.52709,1.78878,1.36046,1.11212,east,footprints,3,0
0.26707,1.62027,0.9918,2.40574,1.74437,1.31697,1.1287,1.03811,east,footprints,3,1
0.2551,1.63157,0.99321,2.28027,1.62968,1.25501,1.0856,1.01747,east,footprints,3,2
0.25166,1.56795,0.99824,2.87265,2.25057,1.72443,1.38172,1.17444,east,footprints,4,0
0.32622,1.66627,0.99731,2.32199,1.89646,1.51212,1.25632,1.10352,east,footprints,4,1
0.28157,1.61807,0.99715,2.65723,2.10359,1.60675,1.25938,1.05192,east,footprints,4,2
0.23331,1.55189,0.99891,3.10634,2.34733,1.64543,1.29286,1.12322,east,footprints,5,0
0.31248,1.6332,0.99722,2.42591,1.93732,1.48061,1.19824,1.07138,east,footprints,5,1
0.31502,1.69574,0.99598,2.02895,1.5691,1.27519,1.12237,1.04896,east,footprints,5,2
0.31472,1.61106,0.99888,2.55961,2.10255,1.63184,1.27162,1.11057,east,footprints,6,0
0.38941,1.67952,0.99877,2.16187,1.83987,1.48023,1.21449,1.06511,east,footprints,6,1
0.31555,1.63209,0.99781,2.51869,2.08599,1.61449,1.26643,1.09661,east,footprints,6,2
0.37358,1.66633,0.99912,2.22582,1.91449,1.56582,1.29262,1.1529,east,footprints,7,0
0.42509,1.69636,0.99912,2.04676,1.77727,1.42916,1.16209,1.05037,east,footprints,7,1
0.27925,1.60184,0.99772,2.65547,2.02183,1.49655,1.24544,1.07732,east,footprints,7,2
0.29088,1.64013,0.99985,2.96369,2.58947,2.15363,1.75978,1.28581,east,footprints,8,0
0.27872,1.64022,0.99931,2.98683,2.49851,1.9979,1.57732,1.30477,east,footprints,8,1
0.18797,1.59155,0.99977,4.30043,3.6294,2.93028,2.23419,1.60952,east,footprints,8,2
0.26288,1.56173,0.99953,3.11793,2.53442,1.8705,1.38907,1.11439,east,footprints,9,0
0.27392,1.57176,0.99883,2.89516,2.30051,1.71001,1.30542,1.08631,east,footprints,9,1
0.18365,1.53139,0.99878,3.82743,2.96259,2.22454,1.67444,1.26367,east,footprints,9,2
0.31296,1.66321,0.99674,2.20267,1.74882,1.37978,1.15823,1.05777,east,footprints,10,0
0.30336,1.57351,0.99906,2.76671,2.30206,1.67586,1.24634,1.06337,east,footprints,10,1
0.34136,1.62302,0.99904,2.55547,2.24175,1.84961,1.45571,1.16515,east,footprints,10,2
0.29166,1.65177,0.99697,2.40232,1.91518,1.48173,1.18488,1.0369,east,footprints,11,0
0.28968,1.59591,0.999,2.75744,2.26648,1.6542,1.26752,1.0676,east,footprints,11,1
0.2143,1.52556,0.999,3.59593,2.82029,1.9742,1.50003,1.29228,east,footprints,11,2
0.27187,1.61783,0.9994,2.97818,2.36088,1.67525,1.30436,1.15076,east,footprints,12,0
0.15875,1.55316,0.99518,3.75437,2.65252,1.94376,1.55979,1.32234,east,footprints,12,1
0.25126,1.62884,0.99704,2.74654,2.17857,1.71887,1.39439,1.18072,east,footprints,12,2
0.01006,,,,,,,,east,footprints,13,0
0.04928,1.20489,0.9946,14.39577,9.84046,5.72591,3.35385,2.01379,east,footprints,13,1
0.17731,1.52126,0.99984,4.719,4.03875,3.29085,2.5613,1.96839,east,footprints,13,2
0.02355,1.15202,0.99935,26.47362,17.48638,10.12841,6.23463,3.87245,east,footprints,14,0
0.00691,,,,,,,,east,footprints,14,1
0.21504,1.52366,0.99979,3.4676,2.64028,1.95271,1.45167,1.16777,east,footprints,14,2
0.11798,1.50149,0.99917,5.95753,4.21969,3.15894,2.61728,2.16937,east,footprints,15,0
0.10082,1.42731,0.99959,7.36288,5.66785,4.3366,3.62394,2.82392,east,footprints,15,1
0.24709,1.56396,0.99851,3.07494,2.35141,1.69803,1.30844,1.0797,east,footprints,15,2
